"gbifID","datasetKey","occurrenceID","kingdom","phylum","class","order","family","genus","species","infraspecificEpithet","taxonRank","scientificName","verbatimScientificName","verbatimScientificNameAuthorship","countryCode","locality","stateProvince","occurrenceStatus","individualCount","publishingOrgKey","decimalLatitude","decimalLongitude","coordinateUncertaintyInMeters","coordinatePrecision","elevation","elevationAccuracy","depth","depthAccuracy","eventDate","day","month","year","taxonKey","speciesKey","basisOfRecord","institutionCode","collectionCode","catalogNumber","recordNumber","identifiedBy","dateIdentified","license","rightsHolder","recordedBy","typeStatus","establishmentMeans","lastInterpreted","mediaType","issue"
826740598,"4fa7b334-ce0d-4e88-aaae-2e0c138d049e","URN:catalog:CLO:EBIRD:OBS155626962","Animalia","Chordata","Aves","Passeriformes","Corvidae","Coloeus","Coloeus monedula",NA,"SPECIES","Corvus monedula Linnaeus, 1758","Corvus monedula",NA,"GB","Lincoln Cathedral area","England",NA,5,"e2e717bf-551a-4917-bdc9-4fa0f342c530",53.234634,-0.535646,NA,NA,NA,NA,NA,NA,"2012-06-06T00:00:00Z",6,6,2012,2482473,6100954,"HUMAN_OBSERVATION","CLO","EBIRD","OBS155626962",NA,NA,NA,"CC0_1_0",NA,"obsr178037",NA,NA,"2019-09-20T17:41:19.683Z",NA,"COORDINATE_ROUNDED"
827455647,"4fa7b334-ce0d-4e88-aaae-2e0c138d049e","URN:catalog:CLO:EBIRD:OBS155627009","Animalia","Chordata","Aves","Passeriformes","Corvidae","Corvus","Corvus corone",NA,"SPECIES","Corvus corone Linnaeus, 1758","Corvus corone",NA,"GB","Lincoln Cathedral area","England",NA,2,"e2e717bf-551a-4917-bdc9-4fa0f342c530",53.234634,-0.535646,NA,NA,NA,NA,NA,NA,"2012-06-07T00:00:00Z",7,6,2012,9409796,9409796,"HUMAN_OBSERVATION","CLO","EBIRD","OBS155627009",NA,NA,NA,"CC0_1_0",NA,"obsr178037",NA,NA,"2019-09-20T18:47:31.240Z",NA,"COORDINATE_ROUNDED"
827786968,"4fa7b334-ce0d-4e88-aaae-2e0c138d049e","URN:catalog:CLO:EBIRD:OBS155627015","Animalia","Chordata","Aves","Columbiformes","Columbidae","Columba","Columba palumbus",NA,"SPECIES","Columba palumbus Linnaeus, 1758","Columba palumbus",NA,"GB","Lincoln Cathedral area","England",NA,2,"e2e717bf-551a-4917-bdc9-4fa0f342c530",53.234634,-0.535646,NA,NA,NA,NA,NA,NA,"2012-06-07T00:00:00Z",7,6,2012,2495455,2495455,"HUMAN_OBSERVATION","CLO","EBIRD","OBS155627015",NA,NA,NA,"CC0_1_0",NA,"obsr178037",NA,NA,"2019-09-20T18:30:15.143Z",NA,"COORDINATE_ROUNDED"
2171492970,"4fa7b334-ce0d-4e88-aaae-2e0c138d049e","URN:catalog:CLO:EBIRD:OBS622225638","Animalia","Chordata","Aves","Anseriformes","Anatidae","Tadorna","Tadorna tadorna",NA,"SPECIES","Tadorna tadorna (Linnaeus, 1758)","Tadorna tadorna",NA,"GB","Kirkby Gravel Pits","England",NA,2,"e2e717bf-551a-4917-bdc9-4fa0f342c530",53.131685,-0.150998,NA,NA,NA,NA,NA,NA,"2018-05-22T00:00:00Z",22,5,2018,2498009,2498009,"HUMAN_OBSERVATION","CLO","EBIRD","OBS622225638",NA,NA,NA,"CC0_1_0",NA,"obsr499529",NA,NA,"2019-09-21T03:42:56.538Z",NA,"COORDINATE_ROUNDED"
2171505391,"4fa7b334-ce0d-4e88-aaae-2e0c138d049e","URN:catalog:CLO:EBIRD:OBS622225629","Animalia","Chordata","Aves","Apodiformes","Apodidae","Apus","Apus apus",NA,"SPECIES","Apus apus (Linnaeus, 1758)","Apus apus",NA,"GB","Kirkby Gravel Pits","England",NA,NA,"e2e717bf-551a-4917-bdc9-4fa0f342c530",53.131685,-0.150998,NA,NA,NA,NA,NA,NA,"2018-05-22T00:00:00Z",22,5,2018,5228676,5228676,"HUMAN_OBSERVATION","CLO","EBIRD","OBS622225629",NA,NA,NA,"CC0_1_0",NA,"obsr499529",NA,NA,"2019-09-20T15:44:59.258Z",NA,"COORDINATE_ROUNDED"
2171508378,"4fa7b334-ce0d-4e88-aaae-2e0c138d049e","URN:catalog:CLO:EBIRD:OBS622225627","Animalia","Chordata","Aves","Anseriformes","Anatidae","Anas","Anas strepera",NA,"SPECIES","Mareca strepera (Linnaeus, 1758)","Mareca strepera",NA,"GB","Kirkby Gravel Pits","England",NA,4,"e2e717bf-551a-4917-bdc9-4fa0f342c530",53.131685,-0.150998,NA,NA,NA,NA,NA,NA,"2018-05-22T00:00:00Z",22,5,2018,9362027,2498151,"HUMAN_OBSERVATION","CLO","EBIRD","OBS622225627",NA,NA,NA,"CC0_1_0",NA,"obsr499529",NA,NA,"2019-09-20T20:49:21.008Z",NA,"COORDINATE_ROUNDED"
2171515094,"4fa7b334-ce0d-4e88-aaae-2e0c138d049e","URN:catalog:CLO:EBIRD:OBS622225628","Animalia","Chordata","Aves","Anseriformes","Anatidae","Anas","Anas crecca",NA,"SPECIES","Anas crecca Linnaeus, 1758","Anas crecca",NA,"GB","Kirkby Gravel Pits","England",NA,NA,"e2e717bf-551a-4917-bdc9-4fa0f342c530",53.131685,-0.150998,NA,NA,NA,NA,NA,NA,"2018-05-22T00:00:00Z",22,5,2018,8214667,8214667,"HUMAN_OBSERVATION","CLO","EBIRD","OBS622225628",NA,NA,NA,"CC0_1_0",NA,"obsr499529",NA,NA,"2019-09-20T15:40:37.230Z",NA,"COORDINATE_ROUNDED"
2171515326,"4fa7b334-ce0d-4e88-aaae-2e0c138d049e","URN:catalog:CLO:EBIRD:OBS622225621","Animalia","Chordata","Aves","Anseriformes","Anatidae","Aythya","Aythya fuligula",NA,"SPECIES","Aythya fuligula (Linnaeus, 1758)","Aythya fuligula",NA,"GB","Kirkby Gravel Pits","England",NA,NA,"e2e717bf-551a-4917-bdc9-4fa0f342c530",53.131685,-0.150998,NA,NA,NA,NA,NA,NA,"2018-05-22T00:00:00Z",22,5,2018,2498261,2498261,"HUMAN_OBSERVATION","CLO","EBIRD","OBS622225621",NA,NA,NA,"CC0_1_0",NA,"obsr499529",NA,NA,"2019-09-20T16:10:37.969Z",NA,"COORDINATE_ROUNDED"
2171620799,"4fa7b334-ce0d-4e88-aaae-2e0c138d049e","URN:catalog:CLO:EBIRD:OBS616498569","Animalia","Chordata","Aves","Anseriformes","Anatidae","Anas","Anas platyrhynchos",NA,"SPECIES","Anas platyrhynchos Linnaeus, 1758","Anas platyrhynchos",NA,"GB","Whisby Nature Park","England",NA,3,"e2e717bf-551a-4917-bdc9-4fa0f342c530",53.189682,-0.634761,NA,NA,NA,NA,NA,NA,"2018-04-30T00:00:00Z",30,4,2018,9761484,9761484,"HUMAN_OBSERVATION","CLO","EBIRD","OBS616498569",NA,NA,NA,"CC0_1_0",NA,"obsr1044519",NA,NA,"2019-09-20T15:35:41.784Z",NA,"COORDINATE_ROUNDED"
2171621347,"4fa7b334-ce0d-4e88-aaae-2e0c138d049e","URN:catalog:CLO:EBIRD:OBS616498591","Animalia","Chordata","Aves","Passeriformes","Fringillidae","Fringilla","Fringilla coelebs",NA,"SPECIES","Fringilla coelebs Linnaeus, 1758","Fringilla coelebs",NA,"GB","Whisby Nature Park","England",NA,1,"e2e717bf-551a-4917-bdc9-4fa0f342c530",53.189682,-0.634761,NA,NA,NA,NA,NA,NA,"2018-04-30T00:00:00Z",30,4,2018,2494422,2494422,"HUMAN_OBSERVATION","CLO","EBIRD","OBS616498591",NA,NA,NA,"CC0_1_0",NA,"obsr1044519",NA,NA,"2019-09-20T19:14:33.791Z",NA,"COORDINATE_ROUNDED"
2171624439,"4fa7b334-ce0d-4e88-aaae-2e0c138d049e","URN:catalog:CLO:EBIRD:OBS616498571","Animalia","Chordata","Aves","Suliformes","Phalacrocoracidae","Phalacrocorax","Phalacrocorax carbo",NA,"SPECIES","Phalacrocorax carbo (Linnaeus, 1758)","Phalacrocorax carbo",NA,"GB","Whisby Nature Park","England",NA,1,"e2e717bf-551a-4917-bdc9-4fa0f342c530",53.189682,-0.634761,NA,NA,NA,NA,NA,NA,"2018-04-30T00:00:00Z",30,4,2018,2481890,2481890,"HUMAN_OBSERVATION","CLO","EBIRD","OBS616498571",NA,NA,NA,"CC0_1_0",NA,"obsr1044519",NA,NA,"2019-09-21T01:45:07.444Z",NA,"COORDINATE_ROUNDED"
2171650796,"4fa7b334-ce0d-4e88-aaae-2e0c138d049e","URN:catalog:CLO:EBIRD:OBS616498582","Animalia","Chordata","Aves","Passeriformes","Cettiidae","Cettia","Cettia cetti",NA,"SPECIES","Cettia cetti (Temminck, 1820)","Cettia cetti",NA,"GB","Whisby Nature Park","England",NA,2,"e2e717bf-551a-4917-bdc9-4fa0f342c530",53.189682,-0.634761,NA,NA,NA,NA,NA,NA,"2018-04-30T00:00:00Z",30,4,2018,2493012,2493012,"HUMAN_OBSERVATION","CLO","EBIRD","OBS616498582",NA,NA,NA,"CC0_1_0",NA,"obsr1044519",NA,NA,"2019-09-20T16:59:04.550Z",NA,"COORDINATE_ROUNDED"
2171654779,"4fa7b334-ce0d-4e88-aaae-2e0c138d049e","URN:catalog:CLO:EBIRD:OBS616498576","Animalia","Chordata","Aves","Passeriformes","Corvidae","Corvus","Corvus corone",NA,"SPECIES","Corvus corone Linnaeus, 1758","Corvus corone",NA,"GB","Whisby Nature Park","England",NA,1,"e2e717bf-551a-4917-bdc9-4fa0f342c530",53.189682,-0.634761,NA,NA,NA,NA,NA,NA,"2018-04-30T00:00:00Z",30,4,2018,9409796,9409796,"HUMAN_OBSERVATION","CLO","EBIRD","OBS616498576",NA,NA,NA,"CC0_1_0",NA,"obsr1044519",NA,NA,"2019-09-20T18:47:30.366Z",NA,"COORDINATE_ROUNDED"
2171657807,"4fa7b334-ce0d-4e88-aaae-2e0c138d049e","URN:catalog:CLO:EBIRD:OBS616498565","Animalia","Chordata","Aves","Anseriformes","Anatidae","Anser","Anser anser",NA,"SPECIES","Anser anser (Linnaeus, 1758)","Anser anser",NA,"GB","Whisby Nature Park","England",NA,6,"e2e717bf-551a-4917-bdc9-4fa0f342c530",53.189682,-0.634761,NA,NA,NA,NA,NA,NA,"2018-04-30T00:00:00Z",30,4,2018,2498036,2498036,"HUMAN_OBSERVATION","CLO","EBIRD","OBS616498565",NA,NA,NA,"CC0_1_0",NA,"obsr1044519",NA,NA,"2019-09-20T15:54:46.763Z",NA,"COORDINATE_ROUNDED"
2171950022,"4fa7b334-ce0d-4e88-aaae-2e0c138d049e","URN:catalog:CLO:EBIRD:OBS622906706","Animalia","Chordata","Aves","Passeriformes","Turdidae","Turdus","Turdus philomelos",NA,"SPECIES","Turdus philomelos C.L.Brehm, 1831","Turdus philomelos",NA,"GB","Swanpool","England",NA,1,"e2e717bf-551a-4917-bdc9-4fa0f342c530",53.22648,-0.56793,NA,NA,NA,NA,NA,NA,"2018-05-14T00:00:00Z",14,5,2018,7901064,7901064,"HUMAN_OBSERVATION","CLO","EBIRD","OBS622906706",NA,NA,NA,"CC0_1_0",NA,"obsr1044519",NA,NA,"2019-09-21T04:09:03.527Z",NA,"COORDINATE_ROUNDED"
2171952596,"4fa7b334-ce0d-4e88-aaae-2e0c138d049e","URN:catalog:CLO:EBIRD:OBS622906699","Animalia","Chordata","Aves","Passeriformes","Aegithalidae","Aegithalos","Aegithalos caudatus",NA,"SPECIES","Aegithalos caudatus (Linnaeus, 1758)","Aegithalos caudatus",NA,"GB","Swanpool","England",NA,1,"e2e717bf-551a-4917-bdc9-4fa0f342c530",53.22648,-0.56793,NA,NA,NA,NA,NA,NA,"2018-05-14T00:00:00Z",14,5,2018,2495000,2495000,"HUMAN_OBSERVATION","CLO","EBIRD","OBS622906699",NA,NA,NA,"CC0_1_0",NA,"obsr1044519",NA,NA,"2019-09-20T15:11:56.638Z",NA,"COORDINATE_ROUNDED"
2171960656,"4fa7b334-ce0d-4e88-aaae-2e0c138d049e","URN:catalog:CLO:EBIRD:OBS622906707","Animalia","Chordata","Aves","Passeriformes","Turdidae","Turdus","Turdus viscivorus",NA,"SPECIES","Turdus viscivorus Linnaeus, 1758","Turdus viscivorus",NA,"GB","Swanpool","England",NA,3,"e2e717bf-551a-4917-bdc9-4fa0f342c530",53.22648,-0.56793,NA,NA,NA,NA,NA,NA,"2018-05-14T00:00:00Z",14,5,2018,2490774,2490774,"HUMAN_OBSERVATION","CLO","EBIRD","OBS622906707",NA,NA,NA,"CC0_1_0",NA,"obsr1044519",NA,NA,"2019-09-21T02:09:35.549Z",NA,"COORDINATE_ROUNDED"
2171970226,"4fa7b334-ce0d-4e88-aaae-2e0c138d049e","URN:catalog:CLO:EBIRD:OBS622906689","Animalia","Chordata","Aves","Pelecaniformes","Ardeidae","Ardea","Ardea cinerea",NA,"SPECIES","Ardea cinerea Linnaeus, 1758","Ardea cinerea",NA,"GB","Swanpool","England",NA,1,"e2e717bf-551a-4917-bdc9-4fa0f342c530",53.22648,-0.56793,NA,NA,NA,NA,NA,NA,"2018-05-14T00:00:00Z",14,5,2018,9797180,9797180,"HUMAN_OBSERVATION","CLO","EBIRD","OBS622906689",NA,NA,NA,"CC0_1_0",NA,"obsr1044519",NA,NA,"2019-09-20T16:15:02.460Z",NA,"COORDINATE_ROUNDED"
2171973255,"4fa7b334-ce0d-4e88-aaae-2e0c138d049e","URN:catalog:CLO:EBIRD:OBS622906702","Animalia","Chordata","Aves","Passeriformes","Phylloscopidae","Phylloscopus","Phylloscopus collybita",NA,"SPECIES","Phylloscopus collybita (Vieillot, 1817)","Phylloscopus collybita",NA,"GB","Swanpool","England",NA,1,"e2e717bf-551a-4917-bdc9-4fa0f342c530",53.22648,-0.56793,NA,NA,NA,NA,NA,NA,"2018-05-14T00:00:00Z",14,5,2018,2493091,2493091,"HUMAN_OBSERVATION","CLO","EBIRD","OBS622906702",NA,NA,NA,"CC0_1_0",NA,"obsr1044519",NA,NA,"2019-09-20T22:01:08.442Z",NA,"COORDINATE_ROUNDED"
2171987505,"4fa7b334-ce0d-4e88-aaae-2e0c138d049e","URN:catalog:CLO:EBIRD:OBS622906695","Animalia","Chordata","Aves","Passeriformes","Corvidae","Corvus","Corvus corone",NA,"SPECIES","Corvus corone Linnaeus, 1758","Corvus corone",NA,"GB","Swanpool","England",NA,3,"e2e717bf-551a-4917-bdc9-4fa0f342c530",53.22648,-0.56793,NA,NA,NA,NA,NA,NA,"2018-05-14T00:00:00Z",14,5,2018,9409796,9409796,"HUMAN_OBSERVATION","CLO","EBIRD","OBS622906695",NA,NA,NA,"CC0_1_0",NA,"obsr1044519",NA,NA,"2019-09-20T18:47:31.944Z",NA,"COORDINATE_ROUNDED"
1883927234,"50c9509d-22c7-4a22-a47d-8c48425ef4a7","https://www.inaturalist.org/observations/14570320","Animalia","Chordata","Aves","Gruiformes","Rallidae","Gallinula","Gallinula chloropus",NA,"SPECIES","Gallinula chloropus (Linnaeus, 1758)","Gallinula chloropus",NA,"GB",NA,"England",NA,NA,"28eb1a3f-1c15-4a95-931a-4af90ecb574d",53.227799,-0.544477,43,NA,NA,NA,NA,NA,"2018-07-17T17:50:00Z",17,7,2018,5228199,5228199,"HUMAN_OBSERVATION","iNaturalist","Observations","14570320",NA,NA,"2018-07-21T14:25:56Z","CC_BY_NC_4_0","Jarvo","Jarvo",NA,NA,"2019-09-20T20:28:44.748Z","STILLIMAGE","COORDINATE_ROUNDED;GEODETIC_DATUM_ASSUMED_WGS84"
1883927304,"50c9509d-22c7-4a22-a47d-8c48425ef4a7","https://www.inaturalist.org/observations/14570248","Animalia","Chordata","Aves","Columbiformes","Columbidae","Columba","Columba palumbus",NA,"SPECIES","Columba palumbus Linnaeus, 1758","Columba palumbus",NA,"GB",NA,"England",NA,NA,"28eb1a3f-1c15-4a95-931a-4af90ecb574d",53.227851,-0.545271,31,NA,NA,NA,NA,NA,"2018-07-17T17:49:00Z",17,7,2018,2495455,2495455,"HUMAN_OBSERVATION","iNaturalist","Observations","14570248",NA,NA,"2018-07-21T14:23:56Z","CC_BY_NC_4_0","Jarvo","Jarvo",NA,NA,"2019-09-20T18:31:02.226Z","STILLIMAGE","COORDINATE_ROUNDED;GEODETIC_DATUM_ASSUMED_WGS84"
1883930928,"50c9509d-22c7-4a22-a47d-8c48425ef4a7","https://www.inaturalist.org/observations/14586183","Animalia","Chordata","Aves","Anseriformes","Anatidae","Cygnus","Cygnus olor",NA,"SPECIES","Cygnus olor (Gmelin, 1789)","Cygnus olor",NA,"GB",NA,"England",NA,NA,"28eb1a3f-1c15-4a95-931a-4af90ecb574d",53.227706,-0.543983,21,NA,NA,NA,NA,NA,"2018-07-17T17:51:00Z",17,7,2018,2498343,2498343,"HUMAN_OBSERVATION","iNaturalist","Observations","14586183",NA,NA,"2018-07-21T22:38:52Z","CC_BY_NC_4_0","Jarvo","Jarvo",NA,NA,"2019-09-20T19:14:16.463Z","STILLIMAGE","COORDINATE_ROUNDED;GEODETIC_DATUM_ASSUMED_WGS84"
1883931089,"50c9509d-22c7-4a22-a47d-8c48425ef4a7","https://www.inaturalist.org/observations/14586897","Animalia","Chordata","Actinopterygii","Cypriniformes","Cyprinidae","Rutilus","Rutilus rutilus",NA,"SPECIES","Rutilus rutilus (Linnaeus, 1758)","Rutilus rutilus",NA,"GB",NA,"England",NA,NA,"28eb1a3f-1c15-4a95-931a-4af90ecb574d",53.228616,-0.542342,9,NA,NA,NA,NA,NA,"2018-07-17T17:54:00Z",17,7,2018,2359706,2359706,"HUMAN_OBSERVATION","iNaturalist","Observations","14586897",NA,NA,"2018-07-21T22:58:15Z","CC_BY_NC_4_0","Jarvo","Jarvo",NA,NA,"2019-09-21T00:50:39.978Z","STILLIMAGE","COORDINATE_ROUNDED;GEODETIC_DATUM_ASSUMED_WGS84"
1883931109,"50c9509d-22c7-4a22-a47d-8c48425ef4a7","https://www.inaturalist.org/observations/14586959","Animalia","Chordata","Aves","Columbiformes","Columbidae","Columba","Columba livia","domestica","FORM","Columba livia f. domestica","Columba livia domestica",NA,"GB",NA,"England",NA,NA,"28eb1a3f-1c15-4a95-931a-4af90ecb574d",53.228665,-0.541792,8,NA,NA,NA,NA,NA,"2018-07-17T17:59:00Z",17,7,2018,9310871,2495414,"HUMAN_OBSERVATION","iNaturalist","Observations","14586959",NA,NA,"2018-07-22T11:41:50Z","CC_BY_NC_4_0","Jarvo","Jarvo",NA,NA,"2019-09-20T17:24:55.113Z","STILLIMAGE","COORDINATE_ROUNDED;GEODETIC_DATUM_ASSUMED_WGS84"
1883931168,"50c9509d-22c7-4a22-a47d-8c48425ef4a7","https://www.inaturalist.org/observations/14587113","Animalia","Chordata","Aves","Passeriformes","Turdidae","Turdus","Turdus merula",NA,"SPECIES","Turdus merula Linnaeus, 1758","Turdus merula",NA,"GB",NA,"England",NA,NA,"28eb1a3f-1c15-4a95-931a-4af90ecb574d",53.226986,-0.521623,13,NA,NA,NA,NA,NA,"2018-07-17T18:17:00Z",17,7,2018,2490719,2490719,"HUMAN_OBSERVATION","iNaturalist","Observations","14587113",NA,NA,"2018-07-21T23:06:07Z","CC_BY_NC_4_0","Jarvo","Jarvo",NA,NA,"2019-09-21T00:12:05.669Z","STILLIMAGE","COORDINATE_ROUNDED;GEODETIC_DATUM_ASSUMED_WGS84"
1883931939,"50c9509d-22c7-4a22-a47d-8c48425ef4a7","https://www.inaturalist.org/observations/14590095","Animalia","Arthropoda","Insecta","Lepidoptera","Nymphalidae","Polygonia","Polygonia c-album",NA,"SPECIES","Polygonia c-album (Linnaeus, 1758)","Polygonia c-album",NA,"GB",NA,"England",NA,NA,"28eb1a3f-1c15-4a95-931a-4af90ecb574d",53.227012,-0.520162,51,NA,NA,NA,NA,NA,"2018-07-17T18:18:00Z",17,7,2018,1898544,1898544,"HUMAN_OBSERVATION","iNaturalist","Observations","14590095",NA,NA,"2018-07-22T00:42:28Z","CC_BY_NC_4_0","Jarvo","Jarvo",NA,NA,"2019-10-24T08:27:04.273Z","STILLIMAGE","COORDINATE_ROUNDED;GEODETIC_DATUM_ASSUMED_WGS84"
1883931978,"50c9509d-22c7-4a22-a47d-8c48425ef4a7","https://www.inaturalist.org/observations/14590139","Animalia","Chordata","Aves","Passeriformes","Muscicapidae","Erithacus","Erithacus rubecula",NA,"SPECIES","Erithacus rubecula (Linnaeus, 1758)","Erithacus rubecula",NA,"GB",NA,"England",NA,NA,"28eb1a3f-1c15-4a95-931a-4af90ecb574d",53.227071,-0.519165,61,NA,NA,NA,NA,NA,"2018-07-17T18:22:00Z",17,7,2018,2492462,2492462,"HUMAN_OBSERVATION","iNaturalist","Observations","14590139",NA,NA,"2018-07-23T23:45:29Z","CC_BY_NC_4_0","Jarvo","Jarvo",NA,NA,"2019-09-20T20:19:16.268Z","STILLIMAGE","COORDINATE_ROUNDED;GEODETIC_DATUM_ASSUMED_WGS84"
1883934356,"50c9509d-22c7-4a22-a47d-8c48425ef4a7","https://www.inaturalist.org/observations/14599697","Animalia","Chordata","Mammalia","Lagomorpha","Leporidae","Oryctolagus","Oryctolagus cuniculus",NA,"SPECIES","Oryctolagus cuniculus (Linnaeus, 1758)","Oryctolagus cuniculus",NA,"GB",NA,"England",NA,NA,"28eb1a3f-1c15-4a95-931a-4af90ecb574d",53.227405,-0.517341,31,NA,NA,NA,NA,NA,"2018-07-17T18:27:00Z",17,7,2018,2436940,2436940,"HUMAN_OBSERVATION","iNaturalist","Observations","14599697",NA,NA,"2018-07-22T08:14:25Z","CC_BY_NC_4_0","Jarvo","Jarvo",NA,NA,"2019-09-20T21:28:10.791Z","STILLIMAGE","COORDINATE_ROUNDED;GEODETIC_DATUM_ASSUMED_WGS84"
1883934439,"50c9509d-22c7-4a22-a47d-8c48425ef4a7","https://www.inaturalist.org/observations/14599664","Animalia","Arthropoda","Insecta","Lepidoptera","Nymphalidae","Pararge","Pararge aegeria",NA,"SPECIES","Pararge aegeria (Linnaeus, 1758)","Pararge aegeria",NA,"GB",NA,"England",NA,NA,"28eb1a3f-1c15-4a95-931a-4af90ecb574d",53.227198,-0.519308,48,NA,NA,NA,NA,NA,"2018-07-17T18:24:00Z",17,7,2018,8049830,8049830,"HUMAN_OBSERVATION","iNaturalist","Observations","14599664",NA,NA,"2018-07-22T08:09:37Z","CC_BY_NC_4_0","Jarvo","Jarvo",NA,NA,"2019-10-24T08:27:04.120Z","STILLIMAGE","COORDINATE_ROUNDED;GEODETIC_DATUM_ASSUMED_WGS84"
1883934476,"50c9509d-22c7-4a22-a47d-8c48425ef4a7","https://www.inaturalist.org/observations/14600049","Animalia","Chordata","Aves","Passeriformes","Aegithalidae","Aegithalos","Aegithalos caudatus",NA,"SPECIES","Aegithalos caudatus (Linnaeus, 1758)","Aegithalos caudatus",NA,"GB",NA,"England",NA,NA,"28eb1a3f-1c15-4a95-931a-4af90ecb574d",53.227373,-0.517064,31,NA,NA,NA,NA,NA,"2018-07-17T18:28:00Z",17,7,2018,2495000,2495000,"HUMAN_OBSERVATION","iNaturalist","Observations","14600049",NA,NA,"2018-07-22T09:10:59Z","CC_BY_NC_4_0","Jarvo","Jarvo",NA,NA,"2019-09-20T15:04:34.796Z","STILLIMAGE","COORDINATE_ROUNDED;GEODETIC_DATUM_ASSUMED_WGS84"
1883934811,"50c9509d-22c7-4a22-a47d-8c48425ef4a7","https://www.inaturalist.org/observations/14601959","Animalia","Arthropoda","Insecta","Odonata","Coenagrionidae","Ischnura","Ischnura elegans",NA,"SPECIES","Ischnura elegans Vander Linden, 1820","Ischnura elegans",NA,"GB",NA,"England",NA,NA,"28eb1a3f-1c15-4a95-931a-4af90ecb574d",53.224912,-0.490885,38,NA,NA,NA,NA,NA,"2018-07-17T18:59:00Z",17,7,2018,1423395,1423395,"HUMAN_OBSERVATION","iNaturalist","Observations","14601959",NA,NA,"2018-07-22T11:40:34Z","CC_BY_NC_4_0","Jarvo","Jarvo",NA,NA,"2019-09-20T20:17:28.298Z","STILLIMAGE","COORDINATE_ROUNDED;GEODETIC_DATUM_ASSUMED_WGS84"
1883934833,"50c9509d-22c7-4a22-a47d-8c48425ef4a7","https://www.inaturalist.org/observations/14601763","Animalia","Arthropoda","Insecta","Lepidoptera","Nymphalidae","Aglais","Aglais urticae",NA,"SPECIES","Aglais urticae (Linnaeus, 1758)","Aglais urticae",NA,"GB",NA,"England",NA,NA,"28eb1a3f-1c15-4a95-931a-4af90ecb574d",53.225459,-0.501193,125,NA,NA,NA,NA,NA,"2018-07-17T18:46:00Z",17,7,2018,1894840,1894840,"HUMAN_OBSERVATION","iNaturalist","Observations","14601763",NA,NA,"2018-07-22T11:25:58Z","CC_BY_NC_4_0","Jarvo","Jarvo",NA,NA,"2019-09-20T15:22:34.958Z","STILLIMAGE","COORDINATE_ROUNDED;GEODETIC_DATUM_ASSUMED_WGS84"
1883935877,"50c9509d-22c7-4a22-a47d-8c48425ef4a7","https://www.inaturalist.org/observations/14606533","Animalia","Arthropoda","Insecta","Hymenoptera","Apidae","Bombus","Bombus pascuorum",NA,"SPECIES","Bombus pascuorum (Scopoli, 1763)","Bombus pascuorum",NA,"GB",NA,"England",NA,NA,"28eb1a3f-1c15-4a95-931a-4af90ecb574d",53.224839,-0.489985,78,NA,NA,NA,NA,NA,"2018-07-17T19:02:00Z",17,7,2018,1340405,1340405,"HUMAN_OBSERVATION","iNaturalist","Observations","14606533",NA,NA,"2018-07-22T15:05:00Z","CC_BY_NC_4_0","Jarvo","Jarvo",NA,NA,"2019-09-20T16:34:30.685Z","STILLIMAGE","COORDINATE_ROUNDED;GEODETIC_DATUM_ASSUMED_WGS84"
1883936241,"50c9509d-22c7-4a22-a47d-8c48425ef4a7","https://www.inaturalist.org/observations/14607721","Animalia","Chordata","Mammalia","Erinaceomorpha","Erinaceidae","Erinaceus","Erinaceus europaeus",NA,"SPECIES","Erinaceus europaeus Linnaeus, 1758","Erinaceus europaeus",NA,"GB",NA,"England",NA,NA,"28eb1a3f-1c15-4a95-931a-4af90ecb574d",53.224904,-0.492246,53,NA,NA,NA,NA,NA,"2018-07-17T19:18:00Z",17,7,2018,5219616,5219616,"HUMAN_OBSERVATION","iNaturalist","Observations","14607721",NA,NA,"2018-07-22T15:41:14Z","CC_BY_NC_4_0","Jarvo","Jarvo",NA,NA,"2019-09-20T20:03:01.435Z","STILLIMAGE","COORDINATE_ROUNDED;GEODETIC_DATUM_ASSUMED_WGS84"
1883936893,"50c9509d-22c7-4a22-a47d-8c48425ef4a7","https://www.inaturalist.org/observations/14611176","Animalia","Chordata","Mammalia","Rodentia","Sciuridae","Sciurus","Sciurus carolinensis",NA,"SPECIES","Sciurus carolinensis Gmelin, 1788","Sciurus carolinensis",NA,"GB",NA,"England",NA,NA,"28eb1a3f-1c15-4a95-931a-4af90ecb574d",53.23053,-0.542222,NA,NA,NA,NA,NA,NA,"2018-07-22T15:36:23Z",22,7,2018,5219681,5219681,"HUMAN_OBSERVATION","iNaturalist","Observations","14611176",NA,NA,"2018-07-22T17:18:34Z","CC_BY_NC_4_0","atelerix","atelerix",NA,NA,"2019-09-21T02:31:30.643Z","STILLIMAGE","COORDINATE_ROUNDED;GEODETIC_DATUM_ASSUMED_WGS84"
1883937219,"50c9509d-22c7-4a22-a47d-8c48425ef4a7","https://www.inaturalist.org/observations/14612121","Animalia","Arthropoda","Insecta","Odonata","Aeshnidae","Aeshna","Aeshna grandis",NA,"SPECIES","Aeshna grandis Linnaeus, 1758","Aeshna grandis",NA,"GB",NA,"England",NA,NA,"28eb1a3f-1c15-4a95-931a-4af90ecb574d",53.268166,-0.53149,6,NA,NA,NA,NA,NA,"2018-07-18T17:29:00Z",18,7,2018,1425264,1425264,"HUMAN_OBSERVATION","iNaturalist","Observations","14612121",NA,NA,"2018-07-22T17:42:46Z","CC_BY_NC_4_0","Jarvo","Jarvo",NA,NA,"2019-09-20T15:12:34.420Z","STILLIMAGE","COORDINATE_ROUNDED;GEODETIC_DATUM_ASSUMED_WGS84"
1883937282,"50c9509d-22c7-4a22-a47d-8c48425ef4a7","https://www.inaturalist.org/observations/14612332","Animalia","Arthropoda","Insecta","Lepidoptera","Crambidae","Cataclysta","Cataclysta lemnata",NA,"SPECIES","Cataclysta lemnata (Linnaeus, 1758)","Cataclysta lemnata",NA,"GB",NA,"England",NA,NA,"28eb1a3f-1c15-4a95-931a-4af90ecb574d",53.267902,-0.531084,22,NA,NA,NA,NA,NA,"2018-07-18T17:37:00Z",18,7,2018,1872368,1872368,"HUMAN_OBSERVATION","iNaturalist","Observations","14612332",NA,NA,"2018-07-22T17:57:12Z","CC_BY_NC_4_0","Jarvo","Jarvo",NA,NA,"2019-09-20T17:06:23.965Z","STILLIMAGE","COORDINATE_ROUNDED;GEODETIC_DATUM_ASSUMED_WGS84"
1883937317,"50c9509d-22c7-4a22-a47d-8c48425ef4a7","https://www.inaturalist.org/observations/14612447","Animalia","Arthropoda","Insecta","Hemiptera","Pentatomidae","Palomena","Palomena prasina",NA,"SPECIES","Palomena prasina (Linnaeus, 1761)","Palomena prasina",NA,"GB",NA,"England",NA,NA,"28eb1a3f-1c15-4a95-931a-4af90ecb574d",53.267798,-0.530878,31,NA,NA,NA,NA,NA,"2018-07-18T17:38:00Z",18,7,2018,4485776,4485776,"HUMAN_OBSERVATION","iNaturalist","Observations","14612447",NA,NA,"2018-07-22T17:54:10Z","CC_BY_NC_4_0","Jarvo","Jarvo",NA,NA,"2019-09-21T00:51:10.409Z","STILLIMAGE","COORDINATE_ROUNDED;GEODETIC_DATUM_ASSUMED_WGS84"
1883938397,"50c9509d-22c7-4a22-a47d-8c48425ef4a7","https://www.inaturalist.org/observations/14617765","Animalia","Arthropoda","Insecta","Odonata","Coenagrionidae","Enallagma","Enallagma cyathigerum",NA,"SPECIES","Enallagma cyathigerum Charpentier, 1840","Enallagma cyathigerum",NA,"GB",NA,"England",NA,NA,"28eb1a3f-1c15-4a95-931a-4af90ecb574d",53.267508,-0.528239,61,NA,NA,NA,NA,NA,"2018-07-18T17:56:00Z",18,7,2018,5051273,5051273,"HUMAN_OBSERVATION","iNaturalist","Observations","14617765",NA,NA,"2018-07-22T20:20:52Z","CC_BY_NC_4_0","Jarvo","Jarvo",NA,NA,"2019-09-20T20:12:24.695Z","STILLIMAGE","COORDINATE_ROUNDED;GEODETIC_DATUM_ASSUMED_WGS84"
1883938531,"50c9509d-22c7-4a22-a47d-8c48425ef4a7","https://www.inaturalist.org/observations/14617529","Animalia","Arthropoda","Insecta","Odonata","Coenagrionidae","Enallagma","Enallagma cyathigerum",NA,"SPECIES","Enallagma cyathigerum Charpentier, 1840","Enallagma cyathigerum",NA,"GB",NA,"England",NA,NA,"28eb1a3f-1c15-4a95-931a-4af90ecb574d",53.2669,-0.527518,43,NA,NA,NA,NA,NA,"2018-07-18T17:55:00Z",18,7,2018,5051273,5051273,"HUMAN_OBSERVATION","iNaturalist","Observations","14617529",NA,NA,"2018-07-22T20:41:11Z","CC_BY_NC_4_0","Jarvo","Jarvo",NA,NA,"2019-09-20T20:12:24.924Z","STILLIMAGE","COORDINATE_ROUNDED;GEODETIC_DATUM_ASSUMED_WGS84"
1883938783,"50c9509d-22c7-4a22-a47d-8c48425ef4a7","https://www.inaturalist.org/observations/14619333","Animalia","Arthropoda","Insecta","Odonata","Libellulidae","Orthetrum","Orthetrum cancellatum",NA,"SPECIES","Orthetrum cancellatum Linnaeus, 1758","Orthetrum cancellatum",NA,"GB",NA,"England",NA,NA,"28eb1a3f-1c15-4a95-931a-4af90ecb574d",53.267297,-0.529662,15,NA,NA,NA,NA,NA,"2018-07-18T18:00:00Z",18,7,2018,1428686,1428686,"HUMAN_OBSERVATION","iNaturalist","Observations","14619333",NA,NA,"2018-07-22T21:02:58Z","CC_BY_NC_4_0","Jarvo","Jarvo",NA,NA,"2019-09-21T00:47:43.105Z","STILLIMAGE","COORDINATE_ROUNDED;GEODETIC_DATUM_ASSUMED_WGS84"
1883938807,"50c9509d-22c7-4a22-a47d-8c48425ef4a7","https://www.inaturalist.org/observations/14619426","Animalia","Arthropoda","Insecta","Lepidoptera","Nymphalidae","Vanessa","Vanessa atalanta",NA,"SPECIES","Vanessa atalanta (Linnaeus, 1758)","Vanessa atalanta",NA,"GB",NA,"England",NA,NA,"28eb1a3f-1c15-4a95-931a-4af90ecb574d",53.266052,-0.528095,52,NA,NA,NA,NA,NA,"2018-07-18T18:04:00Z",18,7,2018,1898286,1898286,"HUMAN_OBSERVATION","iNaturalist","Observations","14619426",NA,NA,"2018-07-22T21:04:53Z","CC_BY_NC_4_0","Jarvo","Jarvo",NA,NA,"2019-10-24T08:27:06.166Z","STILLIMAGE","COORDINATE_ROUNDED;GEODETIC_DATUM_ASSUMED_WGS84"
1883939206,"50c9509d-22c7-4a22-a47d-8c48425ef4a7","https://www.inaturalist.org/observations/14620340","Animalia","Arthropoda","Insecta","Diptera","Sciomyzidae","Sepedon","Sepedon sphegea",NA,"SPECIES","Sepedon sphegea (Fabricius, 1775)","Sepedon sphegea",NA,"GB",NA,"England",NA,NA,"28eb1a3f-1c15-4a95-931a-4af90ecb574d",53.265872,-0.529608,31,NA,NA,NA,NA,NA,"2018-07-18T18:09:00Z",18,7,2018,1444087,1444087,"HUMAN_OBSERVATION","iNaturalist","Observations","14620340",NA,NA,"2018-07-24T00:20:09Z","CC_BY_NC_4_0","Jarvo","Jarvo",NA,NA,"2019-09-21T02:35:57.351Z","STILLIMAGE","COORDINATE_ROUNDED;GEODETIC_DATUM_ASSUMED_WGS84"
1883939282,"50c9509d-22c7-4a22-a47d-8c48425ef4a7","https://www.inaturalist.org/observations/14620603","Animalia","Arthropoda","Insecta","Lepidoptera","Pieridae","Pieris","Pieris napi",NA,"SPECIES","Pieris napi (Linnaeus, 1758)","Pieris napi",NA,"GB",NA,"England",NA,NA,"28eb1a3f-1c15-4a95-931a-4af90ecb574d",53.265504,-0.530762,15,NA,NA,NA,NA,NA,"2018-07-18T18:16:00Z",18,7,2018,1920494,1920494,"HUMAN_OBSERVATION","iNaturalist","Observations","14620603",NA,NA,"2018-07-22T21:38:36Z","CC_BY_NC_4_0","Jarvo","Jarvo",NA,NA,"2019-10-24T08:27:05.575Z","STILLIMAGE","COORDINATE_ROUNDED;GEODETIC_DATUM_ASSUMED_WGS84"
922441757,"6ac3f774-d9fb-4796-b3e9-92bf6c81c084",NA,"Animalia","Chordata","Aves","Charadriiformes","Scolopacidae","Numenius","Numenius arquata",NA,"SPECIES","Numenius arquata (Linnaeus, 1758)","Numenius arquata",NA,"GB","Kirkby on Bain",NA,NA,NA,"bb646dff-a905-4403-a49b-6d378c2cf0d9",53.13142,-0.153622,250,NA,NA,NA,NA,NA,"2011-08-20T00:00:00Z",20,8,2011,2481792,2481792,"HUMAN_OBSERVATION","naturgucker","naturgucker","-1644777771",NA,NA,NA,"CC_BY_4_0",NA,"83508723",NA,NA,"2019-09-21T01:13:10.772Z",NA,"COORDINATE_ROUNDED;GEODETIC_DATUM_ASSUMED_WGS84"
1836675740,"50c9509d-22c7-4a22-a47d-8c48425ef4a7","http://www.inaturalist.org/observations/1547423","Animalia","Arthropoda","Insecta","Hemiptera","Pentatomidae","Eysarcoris","Eysarcoris venustissimus",NA,"SPECIES","Eysarcoris venustissimus (Schrank, 1776)","Eysarcoris venustissimus",NA,"GB",NA,"England",NA,NA,"28eb1a3f-1c15-4a95-931a-4af90ecb574d",53.187726,-0.638385,4,NA,NA,NA,NA,NA,"2015-05-23T00:00:00Z",23,5,2015,4485952,4485952,"HUMAN_OBSERVATION","iNaturalist","Observations","1547423",NA,NA,NA,"CC_BY_NC_4_0","Paul","Paul",NA,NA,"2019-09-20T20:10:47.284Z","STILLIMAGE","GEODETIC_DATUM_ASSUMED_WGS84"
1837127643,"136560fa-9eb9-492f-866e-5bd110c52f74","URI:catalog:ROM:Birds:18709","Animalia","Chordata","Aves","Procellariiformes","Hydrobatidae","Hydrobates","Hydrobates pelagicus",NA,"SPECIES","Hydrobates pelagicus (Linnaeus, 1758)","Hydrobates pelagicus",NA,"GB","Edlington","England",NA,NA,"ff418020-1d67-11d9-8435-b8a03c50a862",53.225768,-0.153294,392,NA,NA,NA,NA,NA,"1909-12-04T00:00:00Z",4,12,1909,4408455,4408455,"PRESERVED_SPECIMEN","ROM","Birds","18709","ROM AN: 33.9.1.18; WR 3241",NA,NA,"CC_BY_NC_4_0","Royal Ontario Museum",NA,NA,NA,"2019-09-20T19:18:34.347Z",NA,"COORDINATE_ROUNDED"
1837134197,"136560fa-9eb9-492f-866e-5bd110c52f74","URI:catalog:ROM:Birds:17287","Animalia","Chordata","Aves","Piciformes","Picidae","Picus","Picus viridis","pluvius","SUBSPECIES","Picus viridis pluvius Hartert, 1911","Picus viridis pluvius",NA,"GB","near Lincoln","England",NA,NA,"ff418020-1d67-11d9-8435-b8a03c50a862",53.233989,-0.535583,6980,NA,NA,NA,NA,NA,"1896-02-14T00:00:00Z",14,2,1896,8922763,2478523,"PRESERVED_SPECIMEN","ROM","Birds","17287","ROM AN: 33.6.20.1095",NA,NA,"CC_BY_NC_4_0","Royal Ontario Museum",NA,NA,NA,"2019-09-21T01:28:26.872Z",NA,"COORDINATE_ROUNDED"
1837782182,"50c9509d-22c7-4a22-a47d-8c48425ef4a7","http://www.inaturalist.org/observations/201351","Animalia","Arthropoda","Insecta","Lepidoptera","Gracillariidae","Phyllonorycter","Phyllonorycter quercifoliella",NA,"SPECIES","Phyllonorycter quercifoliella (Zeller, 1839)","Phyllonorycter quercifoliella",NA,"GB",NA,"England",NA,NA,"28eb1a3f-1c15-4a95-931a-4af90ecb574d",53.203051,-0.567909,NA,NA,NA,NA,NA,NA,"2011-04-26T00:00:00Z",26,4,2011,1750143,1750143,"HUMAN_OBSERVATION","iNaturalist","Observations","201351",NA,NA,"2013-02-19T08:58:52Z","CC_BY_NC_4_0","Mick E. Talbot","Mick E. Talbot",NA,NA,"2019-11-15T12:51:38.958Z","STILLIMAGE","COORDINATE_ROUNDED;GEODETIC_DATUM_ASSUMED_WGS84"
1837875284,"7e380070-f762-11e1-a439-00145eb45e9a","ab9f694e-9339-40ca-8827-5e236620c616","Animalia","Arthropoda","Insecta","Diptera","Syrphidae","Xylota","Xylota florum",NA,"SPECIES","Xylota florum (Fabricius, 1805)","Xylota (Xylota) florum (Fabricius, 1805)","(Fabricius, 1805)","GB","Township: Skellingthorpe","England",NA,1,"19456090-b49a-11d8-abeb-b8a03c50a862",53.2364,-0.6206,NA,NA,NA,NA,NA,NA,"1972-06-23T00:00:00Z",23,6,1972,1541616,1541616,"PRESERVED_SPECIMEN","NHMUK","BMNH(E)","NHMUK010866206",NA,"Mr Nigel P. Wyatt",NA,"CC0_1_0",NA,"M G. Jefferies",NA,NA,"2019-09-21T04:01:04.252Z",NA,"GEODETIC_DATUM_ASSUMED_WGS84"
2273319935,"50c9509d-22c7-4a22-a47d-8c48425ef4a7","https://www.inaturalist.org/observations/27747532","Animalia","Arthropoda","Insecta","Odonata","Coenagrionidae","Ischnura","Ischnura elegans",NA,"SPECIES","Ischnura elegans Vander Linden, 1820","Ischnura elegans",NA,"GB",NA,"England",NA,NA,"28eb1a3f-1c15-4a95-931a-4af90ecb574d",53.226962,-0.555852,10,NA,NA,NA,NA,NA,"2019-06-27T11:36:52Z",27,6,2019,1423395,1423395,"HUMAN_OBSERVATION","iNaturalist","Observations","27747532",NA,NA,"2019-06-27T21:58:13Z","CC_BY_NC_4_0","magnetenvy","magnetenvy",NA,NA,"2019-09-20T20:17:28.047Z","STILLIMAGE","COORDINATE_ROUNDED;GEODETIC_DATUM_ASSUMED_WGS84"
2273320765,"50c9509d-22c7-4a22-a47d-8c48425ef4a7","https://www.inaturalist.org/observations/27747557","Animalia","Arthropoda","Insecta","Lepidoptera","Nymphalidae","Maniola","Maniola jurtina",NA,"SPECIES","Maniola jurtina (Linnaeus, 1758)","Maniola jurtina",NA,"GB",NA,"England",NA,NA,"28eb1a3f-1c15-4a95-931a-4af90ecb574d",53.22702,-0.555722,5,NA,NA,NA,NA,NA,"2019-06-27T11:39:22Z",27,6,2019,5135513,5135513,"HUMAN_OBSERVATION","iNaturalist","Observations","27747557",NA,NA,"2019-06-27T21:58:49Z","CC_BY_NC_4_0","magnetenvy","magnetenvy",NA,NA,"2019-10-24T08:44:32.292Z","STILLIMAGE","COORDINATE_ROUNDED;GEODETIC_DATUM_ASSUMED_WGS84"
891022510,"50c9509d-22c7-4a22-a47d-8c48425ef4a7","http://www.inaturalist.org/observations/196997","Animalia","Chordata","Aves","Piciformes","Picidae","Dendrocopos","Dendrocopos minor",NA,"SPECIES","Dryobates minor (Linnaeus, 1758)","Dryobates minor",NA,"GB",NA,"England",NA,NA,"28eb1a3f-1c15-4a95-931a-4af90ecb574d",53.206392,-0.561751,NA,NA,NA,NA,NA,NA,"2011-05-11T00:00:00Z",11,5,2011,9015784,2477950,"HUMAN_OBSERVATION","iNaturalist","Observations","196997",NA,NA,"2018-11-05T16:01:52Z","CC_BY_NC_4_0","Mick E. Talbot","Mick E. Talbot",NA,NA,"2019-09-20T18:29:53.383Z","STILLIMAGE","COORDINATE_ROUNDED;GEODETIC_DATUM_ASSUMED_WGS84"
891121996,"50c9509d-22c7-4a22-a47d-8c48425ef4a7","http://www.inaturalist.org/observations/191432","Animalia","Chordata","Mammalia","Erinaceomorpha","Erinaceidae","Erinaceus","Erinaceus europaeus",NA,"SPECIES","Erinaceus europaeus Linnaeus, 1758","Erinaceus europaeus",NA,"GB",NA,"England",NA,NA,"28eb1a3f-1c15-4a95-931a-4af90ecb574d",53.208524,-0.560982,NA,NA,NA,NA,NA,NA,"2009-07-19T14:59:04Z",19,7,2009,5219616,5219616,"HUMAN_OBSERVATION","iNaturalist","Observations","191432",NA,NA,"2013-02-04T17:47:28Z","CC_BY_NC_4_0","Mick E. Talbot","Mick E. Talbot",NA,NA,"2019-09-20T20:02:47.045Z","STILLIMAGE","COORDINATE_ROUNDED;GEODETIC_DATUM_ASSUMED_WGS84"
891123414,"50c9509d-22c7-4a22-a47d-8c48425ef4a7","http://www.inaturalist.org/observations/196226","Animalia","Arthropoda","Insecta","Lepidoptera","Lycaenidae","Lycaena","Lycaena phlaeas",NA,"SPECIES","Lycaena phlaeas (Linnaeus, 1761)","Lycaena phlaeas",NA,"GB",NA,"England",NA,NA,"28eb1a3f-1c15-4a95-931a-4af90ecb574d",53.205339,-0.565839,NA,NA,NA,NA,NA,NA,"2010-09-03T00:00:00Z",3,9,2010,1929697,1929697,"HUMAN_OBSERVATION","iNaturalist","Observations","196226",NA,NA,"2013-02-11T15:15:00Z","CC_BY_NC_4_0","Mick E. Talbot","Mick E. Talbot",NA,NA,"2019-09-21T00:25:50.651Z","STILLIMAGE","COORDINATE_ROUNDED;GEODETIC_DATUM_ASSUMED_WGS84"
891123455,"50c9509d-22c7-4a22-a47d-8c48425ef4a7","http://www.inaturalist.org/observations/196197","Animalia","Arthropoda","Insecta","Lepidoptera","Nymphalidae","Vanessa","Vanessa cardui",NA,"SPECIES","Vanessa cardui (Linnaeus, 1758)","Vanessa cardui",NA,"GB",NA,"England",NA,NA,"28eb1a3f-1c15-4a95-931a-4af90ecb574d",53.205261,-0.565732,NA,NA,NA,NA,NA,NA,"2009-07-23T00:00:00Z",23,7,2009,4299368,4299368,"HUMAN_OBSERVATION","iNaturalist","Observations","196197",NA,NA,"2013-02-11T13:35:01Z","CC_BY_NC_4_0","Mick E. Talbot","Mick E. Talbot",NA,NA,"2019-09-21T02:16:21.282Z","STILLIMAGE","COORDINATE_ROUNDED;GEODETIC_DATUM_ASSUMED_WGS84"
891123469,"50c9509d-22c7-4a22-a47d-8c48425ef4a7","http://www.inaturalist.org/observations/196425","Animalia","Arthropoda","Insecta","Lepidoptera","Nymphalidae","Vanessa","Vanessa atalanta",NA,"SPECIES","Vanessa atalanta (Linnaeus, 1758)","Vanessa atalanta",NA,"GB",NA,"England",NA,NA,"28eb1a3f-1c15-4a95-931a-4af90ecb574d",53.205853,-0.562642,NA,NA,NA,NA,NA,NA,"2011-11-13T00:00:00Z",13,11,2011,1898286,1898286,"HUMAN_OBSERVATION","iNaturalist","Observations","196425",NA,NA,"2013-02-11T22:54:01Z","CC_BY_NC_4_0","Mick E. Talbot","Mick E. Talbot",NA,NA,"2019-09-21T02:15:41.451Z","STILLIMAGE","COORDINATE_ROUNDED;GEODETIC_DATUM_ASSUMED_WGS84"
891123488,"50c9509d-22c7-4a22-a47d-8c48425ef4a7","http://www.inaturalist.org/observations/196470","Animalia","Arthropoda","Insecta","Lepidoptera","Pieridae","Pieris","Pieris rapae",NA,"SPECIES","Pieris rapae (Linnaeus, 1758)","Pieris rapae",NA,"GB",NA,"England",NA,NA,"28eb1a3f-1c15-4a95-931a-4af90ecb574d",53.204991,-0.566157,NA,NA,NA,NA,NA,NA,"2010-04-20T00:00:00Z",20,4,2010,1920496,1920496,"HUMAN_OBSERVATION","iNaturalist","Observations","196470",NA,NA,"2013-02-11T23:52:39Z","CC_BY_NC_4_0","Mick E. Talbot","Mick E. Talbot",NA,NA,"2019-09-20T22:07:31.005Z","STILLIMAGE","COORDINATE_ROUNDED;GEODETIC_DATUM_ASSUMED_WGS84"
891123490,"50c9509d-22c7-4a22-a47d-8c48425ef4a7","http://www.inaturalist.org/observations/196451","Animalia","Arthropoda","Insecta","Lepidoptera","Nymphalidae","Aglais","Aglais urticae",NA,"SPECIES","Aglais urticae (Linnaeus, 1758)","Aglais urticae",NA,"GB",NA,"England",NA,NA,"28eb1a3f-1c15-4a95-931a-4af90ecb574d",53.205568,-0.564305,7510,NA,NA,NA,NA,NA,"2011-03-25T00:00:00Z",25,3,2011,1894840,1894840,"HUMAN_OBSERVATION","iNaturalist","Observations","196451",NA,NA,"2013-02-11T23:27:34Z","CC_BY_NC_4_0","Mick E. Talbot","Mick E. Talbot",NA,NA,"2019-09-20T15:22:49.513Z","STILLIMAGE","COORDINATE_ROUNDED;GEODETIC_DATUM_ASSUMED_WGS84"
891123539,"50c9509d-22c7-4a22-a47d-8c48425ef4a7","http://www.inaturalist.org/observations/196533","Animalia","Arthropoda","Diplopoda","Julida","Blaniulidae","Blaniulus","Blaniulus guttulatus",NA,"SPECIES","Blaniulus guttulatus (Bosc, 1792)","Blaniulus guttulatus",NA,"GB",NA,"England",NA,NA,"28eb1a3f-1c15-4a95-931a-4af90ecb574d",53.205642,-0.564712,NA,NA,NA,NA,NA,NA,"2011-11-05T00:00:00Z",5,11,2011,1014383,1014383,"HUMAN_OBSERVATION","iNaturalist","Observations","196533",NA,NA,"2013-02-12T03:00:35Z","CC_BY_NC_4_0","Mick E. Talbot","Mick E. Talbot",NA,NA,"2019-09-20T16:10:54.343Z","STILLIMAGE","COORDINATE_ROUNDED;GEODETIC_DATUM_ASSUMED_WGS84"
891123546,"50c9509d-22c7-4a22-a47d-8c48425ef4a7","http://www.inaturalist.org/observations/196495","Animalia","Arthropoda","Insecta","Lepidoptera","Nymphalidae","Pararge","Pararge aegeria",NA,"SPECIES","Pararge aegeria (Linnaeus, 1758)","Pararge aegeria",NA,"GB",NA,"England",NA,NA,"28eb1a3f-1c15-4a95-931a-4af90ecb574d",53.208765,-0.557468,NA,NA,NA,NA,NA,NA,"2009-04-24T00:00:00Z",24,4,2009,8049830,8049830,"HUMAN_OBSERVATION","iNaturalist","Observations","196495",NA,NA,"2013-02-12T00:22:07Z","CC_BY_NC_4_0","Mick E. Talbot","Mick E. Talbot",NA,NA,"2019-09-21T00:54:54.577Z","STILLIMAGE","COORDINATE_ROUNDED;GEODETIC_DATUM_ASSUMED_WGS84"
891123558,"50c9509d-22c7-4a22-a47d-8c48425ef4a7","http://www.inaturalist.org/observations/196476","Animalia","Arthropoda","Insecta","Lepidoptera","Pieridae","Gonepteryx","Gonepteryx rhamni",NA,"SPECIES","Gonepteryx rhamni (Linnaeus, 1758)","Gonepteryx rhamni",NA,"GB",NA,"England",NA,NA,"28eb1a3f-1c15-4a95-931a-4af90ecb574d",53.210967,-0.559616,NA,NA,NA,NA,NA,NA,"2009-04-09T00:00:00Z",9,4,2009,1920712,1920712,"HUMAN_OBSERVATION","iNaturalist","Observations","196476",NA,NA,"2013-02-11T23:59:32Z","CC_BY_NC_4_0","Mick E. Talbot","Mick E. Talbot",NA,NA,"2019-09-20T19:00:08.911Z","STILLIMAGE","COORDINATE_ROUNDED;GEODETIC_DATUM_ASSUMED_WGS84"
891123570,"50c9509d-22c7-4a22-a47d-8c48425ef4a7","http://www.inaturalist.org/observations/196537","Animalia","Chordata","Amphibia","Caudata","Salamandridae","Lissotriton","Lissotriton vulgaris",NA,"SPECIES","Lissotriton vulgaris (Linnaeus, 1758)","Lissotriton vulgaris",NA,"GB",NA,"England",NA,NA,"28eb1a3f-1c15-4a95-931a-4af90ecb574d",53.204876,-0.564036,NA,NA,NA,NA,NA,NA,"2007-11-09T00:00:00Z",9,11,2007,5218405,5218405,"HUMAN_OBSERVATION","iNaturalist","Observations","196537",NA,NA,"2017-08-10T17:18:10Z","CC_BY_NC_4_0","Mick E. Talbot","Mick E. Talbot",NA,NA,"2019-09-20T22:15:11.737Z","STILLIMAGE","COORDINATE_ROUNDED;GEODETIC_DATUM_ASSUMED_WGS84"
891123590,"50c9509d-22c7-4a22-a47d-8c48425ef4a7","http://www.inaturalist.org/observations/196601","Animalia","Chordata","Reptilia","Squamata","Natricidae","Natrix","Natrix natrix",NA,"SPECIES","Natrix natrix (Linnaeus, 1758)","Natrix natrix",NA,"GB",NA,"England",NA,NA,"28eb1a3f-1c15-4a95-931a-4af90ecb574d",53.202963,-0.592306,NA,NA,NA,NA,NA,NA,"2011-05-11T00:00:00Z",11,5,2011,6161347,6161347,"HUMAN_OBSERVATION","iNaturalist","Observations","196601",NA,NA,"2013-02-12T08:14:16Z","CC_BY_NC_4_0","Mick E. Talbot","Mick E. Talbot",NA,NA,"2019-09-20T23:00:49.549Z","STILLIMAGE","COORDINATE_ROUNDED;GEODETIC_DATUM_ASSUMED_WGS84"
891123626,"50c9509d-22c7-4a22-a47d-8c48425ef4a7","http://www.inaturalist.org/observations/196602","Animalia","Chordata","Reptilia","Squamata","Natricidae","Natrix","Natrix natrix",NA,"SPECIES","Natrix natrix (Linnaeus, 1758)","Natrix natrix",NA,"GB",NA,"England",NA,NA,"28eb1a3f-1c15-4a95-931a-4af90ecb574d",53.206192,-0.561043,NA,NA,NA,NA,NA,NA,"2008-07-15T00:00:00Z",15,7,2008,6161347,6161347,"HUMAN_OBSERVATION","iNaturalist","Observations","196602",NA,NA,"2013-02-12T08:39:32Z","CC_BY_NC_4_0","Mick E. Talbot","Mick E. Talbot",NA,NA,"2019-09-20T23:00:48.949Z","STILLIMAGE","COORDINATE_ROUNDED;GEODETIC_DATUM_ASSUMED_WGS84"
891123733,"50c9509d-22c7-4a22-a47d-8c48425ef4a7","http://www.inaturalist.org/observations/196988","Animalia","Chordata","Aves","Piciformes","Picidae","Dendrocopos","Dendrocopos major",NA,"SPECIES","Dendrocopos major (Linnaeus, 1758)","Dendrocopos major",NA,"GB",NA,"England",NA,NA,"28eb1a3f-1c15-4a95-931a-4af90ecb574d",53.219499,-0.612144,NA,NA,NA,NA,NA,NA,"2011-05-26T00:00:00Z",26,5,2011,2477968,2477968,"HUMAN_OBSERVATION","iNaturalist","Observations","196988",NA,NA,"2013-02-12T21:47:07Z","CC_BY_NC_4_0","Mick E. Talbot","Mick E. Talbot",NA,NA,"2019-09-20T19:27:39.410Z","STILLIMAGE","COORDINATE_ROUNDED;GEODETIC_DATUM_ASSUMED_WGS84"
891123749,"50c9509d-22c7-4a22-a47d-8c48425ef4a7","http://www.inaturalist.org/observations/196982","Animalia","Arthropoda","Insecta","Lepidoptera","Nymphalidae","Polygonia","Polygonia c-album",NA,"SPECIES","Polygonia c-album (Linnaeus, 1758)","Polygonia c-album",NA,"GB",NA,"England",NA,NA,"28eb1a3f-1c15-4a95-931a-4af90ecb574d",53.205647,-0.562921,NA,NA,NA,NA,NA,NA,"2011-03-18T00:00:00Z",18,3,2011,1898544,1898544,"HUMAN_OBSERVATION","iNaturalist","Observations","196982",NA,NA,"2013-02-12T21:27:37Z","CC_BY_NC_4_0","Mick E. Talbot","Mick E. Talbot",NA,NA,"2019-09-21T01:50:44.921Z","STILLIMAGE","COORDINATE_ROUNDED;GEODETIC_DATUM_ASSUMED_WGS84"
891123761,"50c9509d-22c7-4a22-a47d-8c48425ef4a7","http://www.inaturalist.org/observations/197002","Animalia","Arthropoda","Insecta","Coleoptera","Coccinellidae","Harmonia","Harmonia axyridis",NA,"SPECIES","Harmonia axyridis (Pallas, 1773)","Harmonia axyridis",NA,"GB",NA,"England",NA,NA,"28eb1a3f-1c15-4a95-931a-4af90ecb574d",53.230688,-0.540579,7510,NA,NA,NA,NA,NA,"2011-10-07T15:29:18Z",7,10,2011,4989904,4989904,"HUMAN_OBSERVATION","iNaturalist","Observations","197002",NA,NA,"2013-02-12T22:50:28Z","CC_BY_NC_4_0","Mick E. Talbot","Mick E. Talbot",NA,NA,"2019-09-20T21:19:35.937Z","STILLIMAGE","GEODETIC_DATUM_ASSUMED_WGS84"
891123839,"50c9509d-22c7-4a22-a47d-8c48425ef4a7","http://www.inaturalist.org/observations/197299","Animalia","Arthropoda","Insecta","Lepidoptera","Sphingidae","Agrius","Agrius convolvuli",NA,"SPECIES","Agrius convolvuli (Linnaeus, 1758)","Agrius convolvuli",NA,"GB",NA,"England",NA,NA,"28eb1a3f-1c15-4a95-931a-4af90ecb574d",53.207278,-0.566874,NA,NA,NA,NA,NA,NA,"2008-09-19T00:00:00Z",19,9,2008,1861644,1861644,"HUMAN_OBSERVATION","iNaturalist","Observations","197299",NA,NA,"2013-02-19T23:56:01Z","CC_BY_NC_4_0","Mick E. Talbot","Mick E. Talbot",NA,NA,"2019-09-20T15:23:40.795Z","STILLIMAGE","COORDINATE_ROUNDED;GEODETIC_DATUM_ASSUMED_WGS84"
891123852,"50c9509d-22c7-4a22-a47d-8c48425ef4a7","http://www.inaturalist.org/observations/197298","Animalia","Arthropoda","Insecta","Lepidoptera","Erebidae","Tyria","Tyria jacobaeae",NA,"SPECIES","Tyria jacobaeae (Linnaeus, 1758)","Tyria jacobaeae",NA,"GB",NA,"England",NA,NA,"28eb1a3f-1c15-4a95-931a-4af90ecb574d",53.205364,-0.565796,NA,NA,NA,NA,NA,NA,"2012-06-18T00:00:00Z",18,6,2012,5115777,5115777,"HUMAN_OBSERVATION","iNaturalist","Observations","197298",NA,NA,"2013-02-13T09:44:55Z","CC_BY_NC_4_0","Mick E. Talbot","Mick E. Talbot",NA,NA,"2019-09-21T04:10:39.373Z","STILLIMAGE","COORDINATE_ROUNDED;GEODETIC_DATUM_ASSUMED_WGS84"
891123870,"50c9509d-22c7-4a22-a47d-8c48425ef4a7","http://www.inaturalist.org/observations/197300","Animalia","Arthropoda","Insecta","Lepidoptera","Geometridae","Scopula","Scopula imitaria",NA,"SPECIES","Scopula imitaria (Hubner, 1799)","Scopula imitaria",NA,"GB",NA,"England",NA,NA,"28eb1a3f-1c15-4a95-931a-4af90ecb574d",53.205313,-0.565453,NA,NA,NA,NA,NA,NA,"2008-07-23T00:00:00Z",23,7,2008,8014296,8014296,"HUMAN_OBSERVATION","iNaturalist","Observations","197300",NA,NA,"2013-02-13T10:09:16Z","CC_BY_NC_4_0","Mick E. Talbot","Mick E. Talbot",NA,NA,"2019-09-20T23:05:38.436Z","STILLIMAGE","COORDINATE_ROUNDED;GEODETIC_DATUM_ASSUMED_WGS84"
891123959,"50c9509d-22c7-4a22-a47d-8c48425ef4a7","http://www.inaturalist.org/observations/197698","Animalia","Arthropoda","Insecta","Lepidoptera","Geometridae","Idaea","Idaea aversata",NA,"SPECIES","Idaea aversata (Linnaeus, 1758)","Idaea aversata",NA,"GB",NA,"England",NA,NA,"28eb1a3f-1c15-4a95-931a-4af90ecb574d",53.205236,-0.565796,NA,NA,NA,NA,NA,NA,"2008-07-28T00:00:00Z",28,7,2008,5146559,5146559,"HUMAN_OBSERVATION","iNaturalist","Observations","197698",NA,NA,"2013-02-13T19:30:17Z","CC_BY_NC_4_0","Mick E. Talbot","Mick E. Talbot",NA,NA,"2019-09-20T20:15:46.466Z","STILLIMAGE","COORDINATE_ROUNDED;GEODETIC_DATUM_ASSUMED_WGS84"
891124024,"50c9509d-22c7-4a22-a47d-8c48425ef4a7","http://www.inaturalist.org/observations/197746","Animalia","Arthropoda","Insecta","Lepidoptera","Zygaenidae","Zygaena","Zygaena filipendulae",NA,"SPECIES","Zygaena filipendulae (Linnaeus, 1758)","Zygaena filipendulae",NA,"GB",NA,"England",NA,NA,"28eb1a3f-1c15-4a95-931a-4af90ecb574d",53.205416,-0.565796,NA,NA,NA,NA,NA,NA,"2008-07-21T00:00:00Z",21,7,2008,5107219,5107219,"HUMAN_OBSERVATION","iNaturalist","Observations","197746",NA,NA,"2013-02-13T20:13:40Z","CC_BY_NC_4_0","Mick E. Talbot","Mick E. Talbot",NA,NA,"2019-09-21T04:09:51.397Z","STILLIMAGE","COORDINATE_ROUNDED;GEODETIC_DATUM_ASSUMED_WGS84"
891124040,"50c9509d-22c7-4a22-a47d-8c48425ef4a7","http://www.inaturalist.org/observations/197758","Animalia","Arthropoda","Insecta","Lepidoptera","Sphingidae","Deilephila","Deilephila elpenor",NA,"SPECIES","Deilephila elpenor (Linnaeus, 1758)","Deilephila elpenor",NA,"GB",NA,"England",NA,NA,"28eb1a3f-1c15-4a95-931a-4af90ecb574d",53.205898,-0.565104,NA,NA,NA,NA,NA,NA,"2009-07-13T00:00:00Z",13,7,2009,1864377,1864377,"HUMAN_OBSERVATION","iNaturalist","Observations","197758",NA,NA,"2013-02-13T20:29:23Z","CC_BY_NC_4_0","Mick E. Talbot","Mick E. Talbot",NA,NA,"2019-09-20T18:01:04.427Z","STILLIMAGE","COORDINATE_ROUNDED;GEODETIC_DATUM_ASSUMED_WGS84"
891124072,"50c9509d-22c7-4a22-a47d-8c48425ef4a7","http://www.inaturalist.org/observations/197773","Animalia","Arthropoda","Insecta","Lepidoptera","Sphingidae","Laothoe","Laothoe populi",NA,"SPECIES","Laothoe populi (Linnaeus, 1758)","Laothoe populi",NA,"GB",NA,"England",NA,NA,"28eb1a3f-1c15-4a95-931a-4af90ecb574d",53.2274,-0.547445,1429,NA,NA,NA,NA,NA,"2009-07-13T00:00:00Z",13,7,2009,5124007,5124007,"HUMAN_OBSERVATION","iNaturalist","Observations","197773",NA,NA,"2013-02-18T18:03:25Z","CC_BY_NC_4_0","Mick E. Talbot","Mick E. Talbot",NA,NA,"2019-11-15T12:51:05.680Z","STILLIMAGE","COORDINATE_ROUNDED;GEODETIC_DATUM_ASSUMED_WGS84"
891124170,"50c9509d-22c7-4a22-a47d-8c48425ef4a7","http://www.inaturalist.org/observations/198146","Animalia","Arthropoda","Insecta","Lepidoptera","Pyralidae","Endotricha","Endotricha flammealis",NA,"SPECIES","Endotricha flammealis (Denis & Schiffermuller, 1775)","Endotricha flammealis",NA,"GB",NA,"England",NA,NA,"28eb1a3f-1c15-4a95-931a-4af90ecb574d",53.205416,-0.565968,NA,NA,NA,NA,NA,NA,"2012-07-20T00:00:00Z",20,7,2012,5125689,5125689,"HUMAN_OBSERVATION","iNaturalist","Observations","198146",NA,NA,"2013-02-14T10:42:06Z","CC_BY_NC_4_0","Mick E. Talbot","Mick E. Talbot",NA,NA,"2019-11-15T12:51:09.281Z","STILLIMAGE","COORDINATE_ROUNDED;GEODETIC_DATUM_ASSUMED_WGS84"
891124173,"50c9509d-22c7-4a22-a47d-8c48425ef4a7","http://www.inaturalist.org/observations/198172","Animalia","Arthropoda","Insecta","Lepidoptera","Erebidae","Phragmatobia","Phragmatobia fuliginosa",NA,"SPECIES","Phragmatobia fuliginosa (Linnaeus, 1758)","Phragmatobia fuliginosa",NA,"GB",NA,"England",NA,NA,"28eb1a3f-1c15-4a95-931a-4af90ecb574d",53.200628,-0.556773,NA,NA,NA,NA,NA,NA,"2011-04-16T00:00:00Z",16,4,2011,1804071,1804071,"HUMAN_OBSERVATION","iNaturalist","Observations","198172",NA,NA,"2013-02-14T11:25:30Z","CC_BY_NC_4_0","Mick E. Talbot","Mick E. Talbot",NA,NA,"2019-11-15T12:51:09.742Z","STILLIMAGE","COORDINATE_ROUNDED;GEODETIC_DATUM_ASSUMED_WGS84"
891124212,"50c9509d-22c7-4a22-a47d-8c48425ef4a7","http://www.inaturalist.org/observations/198114","Animalia","Arthropoda","Insecta","Lepidoptera","Noctuidae","Phlogophora","Phlogophora meticulosa",NA,"SPECIES","Phlogophora meticulosa (Linnaeus, 1758)","Phlogophora meticulosa",NA,"GB",NA,"England",NA,NA,"28eb1a3f-1c15-4a95-931a-4af90ecb574d",53.205364,-0.565538,1796,NA,NA,NA,NA,NA,"2008-08-23T00:00:00Z",23,8,2008,1782560,1782560,"HUMAN_OBSERVATION","iNaturalist","Observations","198114",NA,NA,"2013-02-14T09:41:47Z","CC_BY_NC_4_0","Mick E. Talbot","Mick E. Talbot",NA,NA,"2019-09-20T23:41:34.252Z","STILLIMAGE","COORDINATE_ROUNDED;GEODETIC_DATUM_ASSUMED_WGS84"
891124218,"50c9509d-22c7-4a22-a47d-8c48425ef4a7","http://www.inaturalist.org/observations/198167","Animalia","Arthropoda","Insecta","Lepidoptera","Noctuidae","Agrotis","Agrotis exclamationis",NA,"SPECIES","Agrotis exclamationis (Linnaeus, 1758)","Agrotis exclamationis",NA,"GB",NA,"England",NA,NA,"28eb1a3f-1c15-4a95-931a-4af90ecb574d",53.205904,-0.565109,NA,NA,NA,NA,NA,NA,"2009-06-20T00:00:00Z",20,6,2009,1771214,1771214,"HUMAN_OBSERVATION","iNaturalist","Observations","198167",NA,NA,"2013-02-14T11:13:53Z","CC_BY_NC_4_0","Mick E. Talbot","Mick E. Talbot",NA,NA,"2019-11-15T12:51:10.527Z","STILLIMAGE","COORDINATE_ROUNDED;GEODETIC_DATUM_ASSUMED_WGS84"
891124220,"50c9509d-22c7-4a22-a47d-8c48425ef4a7","http://www.inaturalist.org/observations/198159","Animalia","Arthropoda","Insecta","Lepidoptera","Nolidae","Nola","Nola cucullatella",NA,"SPECIES","Nola cucullatella (Linnaeus, 1758)","Nola cucullatella",NA,"GB",NA,"England",NA,NA,"28eb1a3f-1c15-4a95-931a-4af90ecb574d",53.206033,-0.564594,NA,NA,NA,NA,NA,NA,"2007-07-29T00:00:00Z",29,7,2007,1801896,1801896,"HUMAN_OBSERVATION","iNaturalist","Observations","198159",NA,NA,"2013-02-14T10:59:10Z","CC_BY_NC_4_0","Mick E. Talbot","Mick E. Talbot",NA,NA,"2019-11-15T12:51:09.719Z","STILLIMAGE","COORDINATE_ROUNDED;GEODETIC_DATUM_ASSUMED_WGS84"
891124223,"50c9509d-22c7-4a22-a47d-8c48425ef4a7","http://www.inaturalist.org/observations/198142","Animalia","Arthropoda","Insecta","Lepidoptera","Geometridae","Idaea","Idaea aversata",NA,"SPECIES","Idaea aversata (Linnaeus, 1758)","Idaea aversata",NA,"GB",NA,"England",NA,NA,"28eb1a3f-1c15-4a95-931a-4af90ecb574d",53.205184,-0.565538,NA,NA,NA,NA,NA,NA,"2007-07-10T00:00:00Z",10,7,2007,5146559,5146559,"HUMAN_OBSERVATION","iNaturalist","Observations","198142",NA,NA,"2013-02-18T18:06:33Z","CC_BY_NC_4_0","Mick E. Talbot","Mick E. Talbot",NA,NA,"2019-11-15T12:51:09.357Z","STILLIMAGE","COORDINATE_ROUNDED;GEODETIC_DATUM_ASSUMED_WGS84"
891124237,"50c9509d-22c7-4a22-a47d-8c48425ef4a7","http://www.inaturalist.org/observations/198153","Animalia","Arthropoda","Insecta","Lepidoptera","Geometridae","Cabera","Cabera pusaria",NA,"SPECIES","Cabera pusaria (Linnaeus, 1758)","Cabera pusaria",NA,"GB",NA,"England",NA,NA,"28eb1a3f-1c15-4a95-931a-4af90ecb574d",53.208924,-0.557713,NA,NA,NA,NA,NA,NA,"2007-07-24T00:00:00Z",24,7,2007,5143697,5143697,"HUMAN_OBSERVATION","iNaturalist","Observations","198153",NA,NA,"2013-02-14T10:52:10Z","CC_BY_NC_4_0","Mick E. Talbot","Mick E. Talbot",NA,NA,"2019-11-15T12:51:09.675Z","STILLIMAGE","COORDINATE_ROUNDED;GEODETIC_DATUM_ASSUMED_WGS84"
891124245,"50c9509d-22c7-4a22-a47d-8c48425ef4a7","http://www.inaturalist.org/observations/198163","Animalia","Arthropoda","Insecta","Lepidoptera","Drepanidae","Cilix","Cilix glaucata",NA,"SPECIES","Cilix glaucata (Scopoli, 1763)","Cilix glaucata",NA,"GB",NA,"England",NA,NA,"28eb1a3f-1c15-4a95-931a-4af90ecb574d",53.205968,-0.564981,NA,NA,NA,NA,NA,NA,"2007-07-26T00:00:00Z",26,7,2007,1951557,1951557,"HUMAN_OBSERVATION","iNaturalist","Observations","198163",NA,NA,"2013-02-14T11:09:12Z","CC_BY_NC_4_0","Mick E. Talbot","Mick E. Talbot",NA,NA,"2019-11-15T12:51:09.905Z","STILLIMAGE","COORDINATE_ROUNDED;GEODETIC_DATUM_ASSUMED_WGS84"
891124323,"50c9509d-22c7-4a22-a47d-8c48425ef4a7","http://www.inaturalist.org/observations/198515","Animalia","Arthropoda","Insecta","Lepidoptera","Noctuidae","Mythimna","Mythimna conigera",NA,"SPECIES","Mythimna conigera (Denis & Schiffermuller, 1775)","Mythimna conigera",NA,"GB",NA,"England",NA,NA,"28eb1a3f-1c15-4a95-931a-4af90ecb574d",53.205894,-0.565117,NA,NA,NA,NA,NA,NA,"2007-07-01T00:00:00Z",1,7,2007,5772199,5772199,"HUMAN_OBSERVATION","iNaturalist","Observations","198515",NA,NA,"2013-02-14T23:51:47Z","CC_BY_NC_4_0","Mick E. Talbot","Mick E. Talbot",NA,NA,"2019-11-15T12:51:13.237Z","STILLIMAGE","COORDINATE_ROUNDED;GEODETIC_DATUM_ASSUMED_WGS84"
891124340,"50c9509d-22c7-4a22-a47d-8c48425ef4a7","http://www.inaturalist.org/observations/198547","Animalia","Arthropoda","Insecta","Lepidoptera","Geometridae","Biston","Biston betularia",NA,"SPECIES","Biston betularia (Linnaeus, 1758)","Biston betularia",NA,"GB",NA,"England",NA,NA,"28eb1a3f-1c15-4a95-931a-4af90ecb574d",53.207247,-0.5607,NA,NA,NA,NA,NA,NA,"2011-05-08T00:00:00Z",8,5,2011,1975897,1975897,"HUMAN_OBSERVATION","iNaturalist","Observations","198547",NA,NA,"2013-02-15T00:43:42Z","CC_BY_NC_4_0","Mick E. Talbot","Mick E. Talbot",NA,NA,"2019-11-15T12:51:13.833Z","STILLIMAGE","COORDINATE_ROUNDED;GEODETIC_DATUM_ASSUMED_WGS84"
891124375,"50c9509d-22c7-4a22-a47d-8c48425ef4a7","http://www.inaturalist.org/observations/198517","Animalia","Arthropoda","Insecta","Lepidoptera","Noctuidae","Hoplodrina","Hoplodrina octogenaria",NA,"SPECIES","Hoplodrina octogenaria (Goeze, 1781)","Hoplodrina octogenaria",NA,"GB",NA,"England",NA,NA,"28eb1a3f-1c15-4a95-931a-4af90ecb574d",53.20589,-0.565069,NA,NA,NA,NA,NA,NA,"2007-07-18T00:00:00Z",18,7,2007,4534290,4534290,"HUMAN_OBSERVATION","iNaturalist","Observations","198517",NA,NA,"2017-07-06T14:20:55Z","CC_BY_NC_4_0","Mick E. Talbot","Mick E. Talbot",NA,NA,"2019-11-15T12:51:13.052Z","STILLIMAGE","COORDINATE_ROUNDED;GEODETIC_DATUM_ASSUMED_WGS84"
891124385,"50c9509d-22c7-4a22-a47d-8c48425ef4a7","http://www.inaturalist.org/observations/198518","Animalia","Arthropoda","Insecta","Lepidoptera","Geometridae","Selenia","Selenia dentaria",NA,"SPECIES","Selenia dentaria (Fabricius, 1775)","Selenia dentaria",NA,"GB",NA,"England",NA,NA,"28eb1a3f-1c15-4a95-931a-4af90ecb574d",53.205904,-0.565123,NA,NA,NA,NA,NA,NA,"2009-04-01T00:00:00Z",1,4,2009,1962204,1962204,"HUMAN_OBSERVATION","iNaturalist","Observations","198518",NA,NA,"2013-02-15T00:04:14Z","CC_BY_NC_4_0","Mick E. Talbot","Mick E. Talbot",NA,NA,"2019-11-15T12:51:13.713Z","STILLIMAGE","COORDINATE_ROUNDED;GEODETIC_DATUM_ASSUMED_WGS84"
891124398,"50c9509d-22c7-4a22-a47d-8c48425ef4a7","http://www.inaturalist.org/observations/198530","Animalia","Arthropoda","Insecta","Lepidoptera","Noctuidae","Autographa","Autographa gamma",NA,"SPECIES","Autographa gamma (Linnaeus, 1758)","Autographa gamma",NA,"GB",NA,"England",NA,NA,"28eb1a3f-1c15-4a95-931a-4af90ecb574d",53.205518,-0.565453,NA,NA,NA,NA,NA,NA,"2008-08-10T00:00:00Z",10,8,2008,1792418,1792418,"HUMAN_OBSERVATION","iNaturalist","Observations","198530",NA,NA,"2013-02-15T00:27:55Z","CC_BY_NC_4_0","Mick E. Talbot","Mick E. Talbot",NA,NA,"2019-11-15T12:51:12.945Z","STILLIMAGE","COORDINATE_ROUNDED;GEODETIC_DATUM_ASSUMED_WGS84"
891124400,"50c9509d-22c7-4a22-a47d-8c48425ef4a7","http://www.inaturalist.org/observations/198549","Animalia","Arthropoda","Diplopoda","Julida","Julidae","Ommatoiulus","Ommatoiulus sabulosus",NA,"SPECIES","Ommatoiulus sabulosus (Linnaeus, 1758)","Ommatoiulus sabulosus",NA,"GB",NA,"England",NA,NA,"28eb1a3f-1c15-4a95-931a-4af90ecb574d",53.209747,-0.554702,NA,NA,NA,NA,NA,NA,"2008-08-26T00:00:00Z",26,8,2008,1012292,1012292,"HUMAN_OBSERVATION","iNaturalist","Observations","198549",NA,NA,"2013-02-15T00:50:19Z","CC_BY_NC_4_0","Mick E. Talbot","Mick E. Talbot",NA,NA,"2019-09-21T01:17:40.634Z","STILLIMAGE","COORDINATE_ROUNDED;GEODETIC_DATUM_ASSUMED_WGS84"
891124403,"50c9509d-22c7-4a22-a47d-8c48425ef4a7","http://www.inaturalist.org/observations/198533","Animalia","Arthropoda","Insecta","Lepidoptera","Noctuidae","Abrostola","Abrostola tripartita",NA,"SPECIES","Abrostola tripartita (Hufnagel, 1766)","Abrostola tripartita",NA,"GB",NA,"England",NA,NA,"28eb1a3f-1c15-4a95-931a-4af90ecb574d",53.20583,-0.565136,NA,NA,NA,NA,NA,NA,"2009-05-22T00:00:00Z",22,5,2009,1767625,1767625,"HUMAN_OBSERVATION","iNaturalist","Observations","198533",NA,NA,"2013-02-15T00:34:52Z","CC_BY_NC_4_0","Mick E. Talbot","Mick E. Talbot",NA,NA,"2019-11-15T12:51:13.623Z","STILLIMAGE","COORDINATE_ROUNDED;GEODETIC_DATUM_ASSUMED_WGS84"
891124434,"50c9509d-22c7-4a22-a47d-8c48425ef4a7","http://www.inaturalist.org/observations/198852","Animalia","Arthropoda","Insecta","Lepidoptera","Pyralidae","Hypsopygia","Hypsopygia costalis",NA,"SPECIES","Hypsopygia costalis (Fabricius, 1775)","Hypsopygia costalis",NA,"GB",NA,"England",NA,NA,"28eb1a3f-1c15-4a95-931a-4af90ecb574d",53.205862,-0.565133,NA,NA,NA,NA,NA,NA,"2010-07-21T00:00:00Z",21,7,2010,1871407,1871407,"HUMAN_OBSERVATION","iNaturalist","Observations","198852",NA,NA,"2013-02-15T07:52:16Z","CC_BY_NC_4_0","Mick E. Talbot","Mick E. Talbot",NA,NA,"2019-11-15T12:51:16.534Z","STILLIMAGE","COORDINATE_ROUNDED;GEODETIC_DATUM_ASSUMED_WGS84"
891124460,"50c9509d-22c7-4a22-a47d-8c48425ef4a7","http://www.inaturalist.org/observations/198861","Animalia","Arthropoda","Insecta","Lepidoptera","Hepialidae","Hepialus","Hepialus humuli",NA,"SPECIES","Hepialus humuli (Linnaeus, 1758)","Hepialus humuli",NA,"GB",NA,"England",NA,NA,"28eb1a3f-1c15-4a95-931a-4af90ecb574d",53.205962,-0.565045,NA,NA,NA,NA,NA,NA,"2008-06-24T00:00:00Z",24,6,2008,1828637,1828637,"HUMAN_OBSERVATION","iNaturalist","Observations","198861",NA,NA,"2013-02-15T08:21:18Z","CC_BY_NC_4_0","Mick E. Talbot","Mick E. Talbot",NA,NA,"2019-11-15T12:51:16.836Z","STILLIMAGE","COORDINATE_ROUNDED;GEODETIC_DATUM_ASSUMED_WGS84"
891124463,"50c9509d-22c7-4a22-a47d-8c48425ef4a7","http://www.inaturalist.org/observations/198848","Animalia","Arthropoda","Insecta","Lepidoptera","Peleopodidae","Carcina","Carcina quercana",NA,"SPECIES","Carcina quercana (Fabricius, 1775)","Carcina quercana",NA,"GB",NA,"England",NA,NA,"28eb1a3f-1c15-4a95-931a-4af90ecb574d",53.205832,-0.565171,NA,NA,NA,NA,NA,NA,"2011-06-11T00:00:00Z",11,6,2011,8012068,8012068,"HUMAN_OBSERVATION","iNaturalist","Observations","198848",NA,NA,"2013-02-15T07:43:56Z","CC_BY_NC_4_0","Mick E. Talbot","Mick E. Talbot",NA,NA,"2019-11-15T12:51:16.554Z","STILLIMAGE","COORDINATE_ROUNDED;GEODETIC_DATUM_ASSUMED_WGS84"
891124468,"50c9509d-22c7-4a22-a47d-8c48425ef4a7","http://www.inaturalist.org/observations/198845","Animalia","Arthropoda","Insecta","Lepidoptera","Geometridae","Ourapteryx","Ourapteryx sambucaria",NA,"SPECIES","Ourapteryx sambucaria (Linnaeus, 1758)","Ourapteryx sambucaria",NA,"GB",NA,"England",NA,NA,"28eb1a3f-1c15-4a95-931a-4af90ecb574d",53.205954,-0.56504,NA,NA,NA,NA,NA,NA,"2011-06-27T00:00:00Z",27,6,2011,1958323,1958323,"HUMAN_OBSERVATION","iNaturalist","Observations","198845",NA,NA,"2013-02-15T07:39:59Z","CC_BY_NC_4_0","Mick E. Talbot","Mick E. Talbot",NA,NA,"2019-11-15T12:51:16.699Z","STILLIMAGE","COORDINATE_ROUNDED;GEODETIC_DATUM_ASSUMED_WGS84"
891124504,"50c9509d-22c7-4a22-a47d-8c48425ef4a7","http://www.inaturalist.org/observations/198856","Animalia","Arthropoda","Insecta","Lepidoptera","Alucitidae","Alucita","Alucita hexadactyla",NA,"SPECIES","Alucita hexadactyla Linnaeus, 1758","Alucita hexadactyla",NA,"GB",NA,"England",NA,NA,"28eb1a3f-1c15-4a95-931a-4af90ecb574d",53.206013,-0.565034,NA,NA,NA,NA,NA,NA,"2011-07-07T00:00:00Z",7,7,2011,1992504,1992504,"HUMAN_OBSERVATION","iNaturalist","Observations","198856",NA,NA,"2013-02-15T08:00:18Z","CC_BY_NC_4_0","Mick E. Talbot","Mick E. Talbot",NA,NA,"2019-11-15T12:51:17.008Z","STILLIMAGE","COORDINATE_ROUNDED;GEODETIC_DATUM_ASSUMED_WGS84"
891124523,"50c9509d-22c7-4a22-a47d-8c48425ef4a7","http://www.inaturalist.org/observations/198843","Animalia","Arthropoda","Insecta","Lepidoptera","Geometridae","Apeira","Apeira syringaria",NA,"SPECIES","Apeira syringaria (Linnaeus, 1758)","Apeira syringaria",NA,"GB",NA,"England",NA,NA,"28eb1a3f-1c15-4a95-931a-4af90ecb574d",53.205996,-0.564991,NA,NA,NA,NA,NA,NA,"2011-06-27T00:00:00Z",27,6,2011,1962860,1962860,"HUMAN_OBSERVATION","iNaturalist","Observations","198843",NA,NA,"2013-02-15T07:33:10Z","CC_BY_NC_4_0","Mick E. Talbot","Mick E. Talbot",NA,NA,"2019-11-15T12:51:17.219Z","STILLIMAGE","COORDINATE_ROUNDED;GEODETIC_DATUM_ASSUMED_WGS84"
891124787,"50c9509d-22c7-4a22-a47d-8c48425ef4a7","http://www.inaturalist.org/observations/199868","Animalia","Arthropoda","Insecta","Lepidoptera","Noctuidae","Mormo","Mormo maura",NA,"SPECIES","Mormo maura (Linnaeus, 1758)","Mormo maura",NA,"GB",NA,"England",NA,NA,"28eb1a3f-1c15-4a95-931a-4af90ecb574d",53.205901,-0.565096,NA,NA,NA,NA,NA,NA,"2009-07-24T00:00:00Z",24,7,2009,1761735,1761735,"HUMAN_OBSERVATION","iNaturalist","Observations","199868",NA,NA,"2013-02-16T21:30:46Z","CC_BY_NC_4_0","Mick E. Talbot","Mick E. Talbot",NA,NA,"2019-11-15T12:51:27.611Z","STILLIMAGE","COORDINATE_ROUNDED;GEODETIC_DATUM_ASSUMED_WGS84"
891124843,"50c9509d-22c7-4a22-a47d-8c48425ef4a7","http://www.inaturalist.org/observations/199864","Animalia","Arthropoda","Insecta","Lepidoptera","Crambidae","Pyrausta","Pyrausta aurata",NA,"SPECIES","Pyrausta aurata (Scopoli, 1763)","Pyrausta aurata",NA,"GB",NA,"England",NA,NA,"28eb1a3f-1c15-4a95-931a-4af90ecb574d",53.2053,-0.566622,NA,NA,NA,NA,NA,NA,"2010-08-17T00:00:00Z",17,8,2010,1890534,1890534,"HUMAN_OBSERVATION","iNaturalist","Observations","199864",NA,NA,"2013-02-16T21:21:14Z","CC_BY_NC_4_0","Mick E. Talbot","Mick E. Talbot",NA,NA,"2019-11-15T12:51:26.795Z","STILLIMAGE","COORDINATE_ROUNDED;GEODETIC_DATUM_ASSUMED_WGS84"
891124856,"50c9509d-22c7-4a22-a47d-8c48425ef4a7","http://www.inaturalist.org/observations/199860","Animalia","Arthropoda","Insecta","Lepidoptera","Noctuidae","Melanchra","Melanchra persicariae",NA,"SPECIES","Melanchra persicariae (Linnaeus, 1761)","Melanchra persicariae",NA,"GB",NA,"England",NA,NA,"28eb1a3f-1c15-4a95-931a-4af90ecb574d",53.205962,-0.565042,NA,NA,NA,NA,NA,NA,"2011-07-04T00:00:00Z",4,7,2011,1765767,1765767,"HUMAN_OBSERVATION","iNaturalist","Observations","199860",NA,NA,"2013-02-16T21:03:42Z","CC_BY_NC_4_0","Mick E. Talbot","Mick E. Talbot",NA,NA,"2019-09-20T20:53:18.531Z","STILLIMAGE","COORDINATE_ROUNDED;GEODETIC_DATUM_ASSUMED_WGS84"
